<?xml version="1.0"?>
<Catalog>
   <Book id="bk101">
      <Author>Garghentini, Davide</Author>
      <Title>XML Developer's Guide</Title>
      <Genre>Computer</Genre>
      <Price>44.95</Price>
      <PublishDate>2000-10-01</PublishDate>
      <Description>An in-depth look at creating applications
      with XML.</Description>
   </Book>
   <Book id="bk102">
      <Author>Garcia, Debra</Author>
      <Title>Midnight Rain</Title>
      <Genre>Fantasy</Genre>
      <Price>5.95</Price>
      <PublishDate>2000-12-16</PublishDate>
      <Description>A former architect battles corporate zombies,
      an evil sorceress, and her own childhood to become queen
      of the world.</Description>
   </Book>
   <Book id="bk102">
      <Author>Smith, John</Author>
      <Title>The Adventures of Data</Title>
      <Genre>Adventure</Genre>
      <Price>29.99</Price>
      <PublishDate>2002-05-15</PublishDate>
      <Description>A thrilling journey through the world of data.</Description>
   </Book>
   <Book id="bk104">
      <Author>Johnson, Emily</Author>
      <Title>Code Chronicles</Title>
      <Genre>Science Fiction</Genre>
      <Price>12.50</Price>
      <PublishDate>2001-08-20</PublishDate>
      <Description>An epic tale of coding and discovery.</Description>
   </Book>
   <Book id="bk105">
      <Author>Martin, David</Author>
      <Title>Data Dilemma</Title>
      <Genre>Mystery</Genre>
      <Price>19.95</Price>
      <PublishDate>2004-03-10</PublishDate>
      <Description>Solving mysteries in the data-driven world.</Description>
   </Book>
   <Book id="bk106">
      <Author>Chang, Lisa</Author>
      <Title>Byte Busters</Title>
      <Genre>Action</Genre>
      <Price>15.75</Price>
      <PublishDate>2003-11-28</PublishDate>
      <Description>A team of programmers on a mission to save the digital realm.</Description>
   </Book>
   <Book id="bk107">
      <Author>Anderson, Michael</Author>
      <Title>Quantum Coding</Title>
      <Genre>Science Fiction</Genre>
      <Price>22.00</Price>
      <PublishDate>2005-06-05</PublishDate>
      <Description>Exploring the intersection of quantum physics and coding.</Description>
   </Book>
   <Book id="bk108">
      <Author>Robinson, Sarah</Author>
      <Title>Cybernetic Dreams</Title>
      <Genre>Cyberpunk</Genre>
      <Price>18.50</Price>
      <PublishDate>2006-09-18</PublishDate>
      <Description>A futuristic journey into the realm of cybernetics and dreams.</Description>
   </Book> 
   <Book id="bk109">
      <Author>Williams, Brian</Author>
      <Title>The Code Conundrum</Title>
      <Genre>Mystery</Genre>
      <Price>14.99</Price>
      <PublishDate>2002-12-03</PublishDate>
      <Description>Unraveling the enigma of a mysterious code.</Description>
   </Book>
   <Book id="bk1010">
      <Author>Johnson, Karen</Author>
      <Title>Virtual Realities</Title>
      <Genre>Virtual Reality</Genre>
      <Price>25.50</Price>
      <PublishDate>2004-08-22</PublishDate>
      <Description>Immersive experiences in the world of virtual realities.</Description>
   </Book>  
   <Book id="bk201">
      <Author>Miller, Christopher</Author>
      <Title>The Code Quest</Title>
      <Genre>Quest</Genre>
      <Price>34.99</Price>
      <PublishDate>2008-07-12</PublishDate>
      <Description>An epic journey to uncover the ultimate code.</Description>
   </Book>
   <Book id="bk202">
      <Author>Lee, Samantha</Author>
      <Title>Bits and Pieces</Title>
      <Genre>Puzzle</Genre>
      <Price>17.50</Price>
      <PublishDate>2009-04-25</PublishDate>
      <Description>Putting together the pieces of a mysterious digital puzzle.</Description>
   </Book>
   <Book id="bk203">
      <Author>Nguyen, Peter</Author>
      <Title>Algorithmic Symphony</Title>
      <Genre>Music</Genre>
      <Price>21.95</Price>
      <PublishDate>2002-11-08</PublishDate>
      <Description>Exploring the harmonies of algorithms in music composition.</Description>
   </Book>
   <Book id="bk204">
      <Author>Clark, Rachel</Author>
      <Title>The Quantum Quandary</Title>
      <Genre>Science Fiction</Genre>
      <Price>19.75</Price>
      <PublishDate>2003-06-30</PublishDate>
      <Description>Navigating the perplexities of quantum programming.</Description>
   </Book>
   <Book id="bk205">
      <Author>Gomez, Carlos</Author>
      <Title>Virtual Visions</Title>
      <Genre>Virtual Reality</Genre>
      <Price>23.00</Price>
      <PublishDate>2004-09-14</PublishDate>
      <Description>Immersive journeys through virtual landscapes and visions.</Description>
   </Book>
   <Book id="bk206">
      <Author>Wong, Michelle</Author>
      <Title>Code Artistry</Title>
      <Genre>Art</Genre>
      <Price>27.50</Price>
      <PublishDate>2008-12-22</PublishDate>
      <Description>Expressing creativity through the artistry of code.</Description>
   </Book> 
   <Book id="bk301">
      <Author>Anderson, Olivia</Author>
      <Title>The Coding Odyssey</Title>
      <Genre>Adventure</Genre>
      <Price>31.99</Price>
      <PublishDate>2015-08-18</PublishDate>
      <Description>An adventurous journey through the coding realm.</Description>
   </Book>
   <Book id="bk302">
      <Author>Smith, Matthew</Author>
      <Title>Data Detective</Title>
      <Genre>Mystery</Genre>
      <Price>16.50</Price>
      <PublishDate>2000-03-05</PublishDate>
      <Description>Solving data mysteries with a touch of detective work.</Description>
   </Book>
   <Book id="bk303">
      <Author>Chang, Daniel</Author>
      <Title>Pixel Perfection</Title>
      <Genre>Design</Genre>
      <Price>24.95</Price>
      <PublishDate>2001-10-29</PublishDate>
      <Description>Creating visually stunning digital experiences with pixel perfection.</Description>
   </Book>
   <Book id="bk304">
      <Author>Nguyen, Jessica</Author>
      <Title>Code and Coffee</Title>
      <Genre>Humor</Genre>
      <Price>14.75</Price>
      <PublishDate>2005-06-12</PublishDate>
      <Description>A humorous look at the daily life of a coder fueled by coffee.</Description>
   </Book>
   <Book id="bk305">
      <Author>Wu, Michael</Author>
      <Title>The Algorithmic Garden</Title>
      <Genre>Gardening</Genre>
      <Price>20.00</Price>
      <PublishDate>2006-12-03</PublishDate>
      <Description>Cultivating an algorithmic garden of ideas and creativity.</Description>
   </Book>
   <Book id="bk306">
      <Author>Kim, Sophia</Author>
      <Title>Code Canvas</Title>
      <Genre>Art</Genre>
      <Price>26.50</Price>
      <PublishDate>2007-09-15</PublishDate>
      <Description>Exploring the art of code on a digital canvas.</Description>
   </Book> 
   <Book id="bk401">
      <Author>Johnson, Ethan</Author>
      <Title>Code Symphony</Title>
      <Genre>Music</Genre>
      <Price>28.99</Price>
      <PublishDate>2000-04-20</PublishDate>
      <Description>Exploring the harmonious world of code and music.</Description>
   </Book>
   <Book id="bk402">
      <Author>Williams, Megan</Author>
      <Title>The Data Enigma</Title>
      <Genre>Mystery</Genre>
      <Price>18.50</Price>
      <PublishDate>2000-01-08</PublishDate>
      <Description>Unraveling the mysteries hidden in vast datasets.</Description>
   </Book>
   <Book id="bk403">
      <Author>Chen, Brian</Author>
      <Title>Virtual Realms</Title>
      <Genre>Virtual Reality</Genre>
      <Price>23.95</Price>
      <PublishDate>2004-06-25</PublishDate>
      <Description>Embarking on virtual journeys through immersive realms.</Description>
   </Book>
   <Book id="bk404">
      <Author>Lee, Stephanie</Author>
      <Title>Algorithmic Adventures</Title>
      <Genre>Adventure</Genre>
      <Price>32.75</Price>
      <PublishDate>2000-03-12</PublishDate>
      <Description>An adventurous exploration of algorithmic landscapes.</Description>
   </Book>
   <Book id="bk405">
      <Author>Garcia, Carlos</Author>
      <Title>The Code Conductor</Title>
      <Genre>Music</Genre>
      <Price>25.00</Price>
      <PublishDate>2002-09-18</PublishDate>
      <Description>Conducting symphonies with the power of code.</Description>
   </Book>
   <Book id="bk406">
      <Author>Wu, Emily</Author>
      <Title>The Quantum Quilt</Title>
      <Genre>Crafts</Genre>
      <Price>21.50</Price>
      <PublishDate>2003-12-01</PublishDate>
      <Description>Creating a quilt of quantum patterns with code.</Description>
   </Book>   
   <Book id="bk501">
      <Author>Miller, Jessica</Author>
      <Title>The Coding Quest</Title>
      <Genre>Adventure</Genre>
      <Price>27.99</Price>
      <PublishDate>2006-05-15</PublishDate>
      <Description>An adventurous quest through the coding landscape.</Description>
   </Book>
   <Book id="bk502">
      <Author>Chen, Kevin</Author>
      <Title>Data Dystopia</Title>
      <Genre>Dystopian</Genre>
      <Price>21.50</Price>
      <PublishDate>2005-02-08</PublishDate>
      <Description>Exploring a dystopian world ruled by data.</Description>
   </Book>
   <Book id="bk503">
      <Author>Williams, Rachel</Author>
      <Title>Byte Ballet</Title>
      <Genre>Art</Genre>
      <Price>19.95</Price>
      <PublishDate>2004-09-22</PublishDate>
      <Description>Dancing through the world of code and artistry.</Description>
   </Book>
   <Book id="bk504">
      <Author>Lee, Christopher</Author>
      <Title>The Quantum Quandary</Title>
      <Genre>Science Fiction</Genre>
      <Price>24.75</Price>
      <PublishDate>2005-06-12</PublishDate>
      <Description>Navigating the enigmas of quantum programming.</Description>
   </Book>
   <Book id="bk505">
      <Author>Nguyen, Emily</Author>
      <Title>Code Canvas</Title>
      <Genre>Art</Genre>
      <Price>29.00</Price>
      <PublishDate>2000-11-25</PublishDate>
      <Description>Expressing creativity on a digital canvas through code.</Description>
   </Book>
   <Book id="bk506">
      <Author>Wong, Daniel</Author>
      <Title>Virtual Vortex</Title>
      <Genre>Virtual Reality</Genre>
      <Price>26.50</Price>
      <PublishDate>2010-08-18</PublishDate>
      <Description>Getting lost in the immersive vortex of virtual reality.</Description>
   </Book>
   <Book id="bk601">
      <Author>Clark, Olivia</Author>
      <Title>Code Chronicles</Title>
      <Genre>Science Fiction</Genre>
      <Price>22.99</Price>
      <PublishDate>2009-04-05</PublishDate>
      <Description>An epic journey through the chronicles of code.</Description>
   </Book>
   <Book id="bk602">
      <Author>Miller, Daniel</Author>
      <Title>Data Delight</Title>
      <Genre>Cookbook</Genre>
      <Price>18.50</Price>
      <PublishDate>2012-01-28</PublishDate>
      <Description>Cooking up delightful recipes with the magic of data.</Description>
   </Book>
   <Book id="bk603">
      <Author>Chen, Sarah</Author>
      <Title>Algorithmic Adventures</Title>
      <Genre>Adventure</Genre>
      <Price>26.95</Price>
      <PublishDate>2007-10-15</PublishDate>
      <Description>An adventurous exploration of algorithmic landscapes.</Description>
   </Book>
   <Book id="bk604">
      <Author>Williams, Ethan</Author>
      <Title>The Code Conductor</Title>
      <Genre>Music</Genre>
      <Price>31.75</Price>
      <PublishDate>2008-06-02</PublishDate>
      <Description>Conducting symphonies with the power of code.</Description>
   </Book>
   <Book id="bk605">
      <Author>Gomez, Mia</Author>
      <Title>Quantum Quilt</Title>
      <Genre>Crafts</Genre>
      <Price>20.50</Price>
      <PublishDate>2006-12-19</PublishDate>
      <Description>Creating a quilt of quantum patterns with code.</Description>
   </Book>
   <Book id="bk606">
      <Author>Lee, Andrew</Author>
      <Title>The Art of Code</Title>
      <Genre>Art</Genre>
      <Price>28.00</Price>
      <PublishDate>2004-09-10</PublishDate>
      <Description>Mastering the artistry of code in creative endeavors.</Description>
   </Book>
   <Book id="bk701">
      <Author>Smith, Olivia</Author>
      <Title>The Coding Saga</Title>
      <Genre>Fantasy</Genre>
      <Price>24.99</Price>
      <PublishDate>2006-08-14</PublishDate>
      <Description>An epic fantasy saga set in the world of coding.</Description>
   </Book>
   <Book id="bk702">
      <Author>Chang, Brian</Author>
      <Title>Data Dynamics</Title>
      <Genre>Science</Genre>
      <Price>19.50</Price>
      <PublishDate>2007-04-01</PublishDate>
      <Description>Exploring the dynamic world of data in science.</Description>
   </Book>
   <Book id="bk703">
      <Author>Lee, Emma</Author>
      <Title>Code Carnival</Title>
      <Genre>Entertainment</Genre>
      <Price>29.95</Price>
      <PublishDate>2000-11-08</PublishDate>
      <Description>A carnival of coding wonders and entertainment.</Description>
   </Book>
   <Book id="bk704">
      <Author>Nguyen, Christopher</Author>
      <Title>The Algorithmic Garden</Title>
      <Genre>Gardening</Genre>
      <Price>25.75</Price>
      <PublishDate>2010-06-20</PublishDate>
      <Description>Cultivating an algorithmic garden of ideas and creativity.</Description>
   </Book>
   <Book id="bk705">
      <Author>Wu, Sophia</Author>
      <Title>Byte Bliss</Title>
      <Genre>Self-Help</Genre>
      <Price>21.00</Price>
      <PublishDate>2011-12-12</PublishDate>
      <Description>Finding bliss and balance through the bytes of life.</Description>
   </Book>
   <Book id="bk706">
      <Author>Clark, Daniel</Author>
      <Title>Virtual Voyages</Title>
      <Genre>Virtual Reality</Genre>
      <Price>27.50</Price>
      <PublishDate>2006-09-25</PublishDate>
      <Description>Embarking on virtual voyages in immersive realms.</Description>
   </Book>
   <Book id="bk801">
      <Author>Wong, Olivia</Author>
      <Title>The Code Odyssey</Title>
      <Genre>Adventure</Genre>
      <Price>26.99</Price>
      <PublishDate>2003-04-10</PublishDate>
      <Description>An odyssey through the diverse realms of coding.</Description>
   </Book>
   <Book id="bk802">
      <Author>Miller, Ethan</Author>
      <Title>Data Dreams</Title>
      <Genre>Fantasy</Genre>
      <Price>18.50</Price>
      <PublishDate>2000-01-05</PublishDate>
      <Description>Exploring the fantastical dreams woven in the fabric of data.</Description>
   </Book>
   <Book id="bk803">
      <Author>Lee, Mia</Author>
      <Title>Algorithmic Artistry</Title>
      <Genre>Art</Genre>
      <Price>23.95</Price>
      <PublishDate>2000-10-18</PublishDate>
      <Description>Expressing artistic visions through the magic of algorithms.</Description>
   </Book>
   <Book id="bk804">
      <Author>Chen, Brian</Author>
      <Title>Code Carnival</Title>
      <Genre>Entertainment</Genre>
      <Price>29.75</Price>
      <PublishDate>2005-06-30</PublishDate>
      <Description>A carnival of coding wonders and entertainment.</Description>
   </Book>
   <Book id="bk805">
      <Author>Nguyen, Emily</Author>
      <Title>The Quantum Quilt</Title>
      <Genre>Crafts</Genre>
      <Price>22.50</Price>
      <PublishDate>2008-12-15</PublishDate>
      <Description>Creating a quilt of quantum patterns with code.</Description>
   </Book>
   <Book id="bk806">
      <Author>Gomez, Christopher</Author>
      <Title>Code Chronicles</Title>
      <Genre>Science Fiction</Genre>
      <Price>27.00</Price>
      <PublishDate>2008-09-22</PublishDate>
      <Description>An epic journey through the chronicles of code.</Description>
   </Book>  
   <Book id="bk901">
      <Author>Smith, Sophia</Author>
      <Title>Code Quest</Title>
      <Genre>Adventure</Genre>
      <Price>25.99</Price>
      <PublishDate>2001-04-12</PublishDate>
      <Description>Embarking on an adventurous quest through the coding landscape.</Description>
   </Book>
   <Book id="bk902">
      <Author>Chang, Daniel</Author>
      <Title>Data Dazzle</Title>
      <Genre>Art</Genre>
      <Price>20.50</Price>
      <PublishDate>2002-01-28</PublishDate>
      <Description>Dazzling the world with the artistry of data.</Description>
   </Book>
   <Book id="bk903">
      <Author>Lee, Mia</Author>
      <Title>Algorithmic Adventures</Title>
      <Genre>Adventure</Genre>
      <Price>28.95</Price>
      <PublishDate>2003-10-15</PublishDate>
      <Description>An adventurous exploration of algorithmic landscapes.</Description>
   </Book>
   <Book id="bk904">
      <Author>Williams, Ethan</Author>
      <Title>The Code Maestro</Title>
      <Genre>Music</Genre>
      <Price>33.75</Price>
      <PublishDate>2005-06-20</PublishDate>
      <Description>Mastering the art of conducting symphonies with code.</Description>
   </Book>
   <Book id="bk905">
      <Author>Gomez, Olivia</Author>
      <Title>Quantum Quilting</Title>
      <Genre>Crafts</Genre>
      <Price>19.50</Price>
      <PublishDate>2006-12-10</PublishDate>
      <Description>Weaving quantum patterns into a quilt of creative code.</Description>
   </Book>
   <Book id="bk906">
      <Author>Clark, Christopher</Author>
      <Title>Virtual Voyages</Title>
      <Genre>Virtual Reality</Genre>
      <Price>26.00</Price>
      <PublishDate>2009-09-25</PublishDate>
      <Description>Embarking on virtual voyages in immersive realms.</Description>
   </Book>  
   <Book id="bk1001">
      <Author>Miller, Olivia</Author>
      <Title>The Coding Chronicles</Title>
      <Genre>Fantasy</Genre>
      <Price>28.99</Price>
      <PublishDate>2009-04-15</PublishDate>
      <Description>An epic fantasy chronicling the world of coding.</Description>
   </Book>
   <Book id="bk1002">
      <Author>Chang, Brian</Author>
      <Title>Data Dreamscape</Title>
      <Genre>Science Fiction</Genre>
      <Price>22.50</Price>
      <PublishDate>2007-01-08</PublishDate>
      <Description>Exploring dreams and realities through the lens of data.</Description>
   </Book>
   <Book id="bk1003">
      <Author>Lee, Emma</Author>
      <Title>Algorithmic Artistry</Title>
      <Genre>Art</Genre>
      <Price>26.95</Price>
      <PublishDate>2000-10-18</PublishDate>
      <Description>Expressing artistic visions through the magic of algorithms.</Description>
   </Book>
   <Book id="bk1004">
      <Author>Wu, Christopher</Author>
      <Title>Code Carnival</Title>
      <Genre>Entertainment</Genre>
      <Price>31.75</Price>
      <PublishDate>2008-06-30</PublishDate>
      <Description>A carnival of coding wonders and entertainment.</Description>
   </Book>
   <Book id="bk1005">
      <Author>Nguyen, Emily</Author>
      <Title>Quantum Quilt</Title>
      <Genre>Crafts</Genre>
      <Price>24.50</Price>
      <PublishDate>2009-12-15</PublishDate>
      <Description>Creating a quilt of quantum patterns with code.</Description>
   </Book>
   <Book id="bk1006">
      <Author>Gomez, Daniel</Author>
      <Title>Code Chronicles</Title>
      <Genre>Historical Fiction</Genre>
      <Price>29.00</Price>
      <PublishDate>2005-09-22</PublishDate>
      <Description>An historical journey through the chronicles of code.</Description>
   </Book>   
</Catalog>